Transaction Hash,Sender Address,Receiver Address,Timestamp,Amount,Token Type,Gas Fee,Blockchain Type,Smart Contract Address
e0d1d948ca28e399915662ac423af31d945e9e35298c4af0011ef2715f523e7d,0x4D41ab0e0B71677dFD6D02343AFAE96641A4C429,0x4D41ab0e0B71677dFD6D02343AFAE96641A4C429,1750501835,7e-18,ETH,0.000281759102,Ethereum,0x4D41ab0e0B71677dFD6D02343AFAE96641A4C429
be85d78e5a36ed8159a17b28913bf3b7f27d051498cd784ddae1c9c463b76d79,0x07aE8551Be970cB1cCa11Dd7a11F47Ae82e70E67,0x5c7BCd6E7De5423a257D81B442095A1a6ced35C5,1750501835,0.0,ETH,3.1657326675516e-05,Ethereum,0x5c7BCd6E7De5423a257D81B442095A1a6ced35C5
2f34720107f58bdb710dd565ce4421701826e4275c4afb0a90973e07d086657f,0x683E8D5dfE5ea029D43820610972Afc6844a202e,0xf9AFd1c65F2fbc514052CEF15A4adF510723cCfd,1750501835,0.0,ETH,1.3295367170757e-05,Ethereum,0xf9AFd1c65F2fbc514052CEF15A4adF510723cCfd
3a0d18b9896e9ae41bc7835ec7bbf0d5e569dae9354b3d9599c7b0bc681c7a2c,0x3Deb529484B4D57cD79f1E33E6562F488f429602,0xabc23b0e93919a4dFFD9478328a9Cc7a383Dcb00,1750501835,0.0,ETH,1.3403562669381e-05,Ethereum,0xabc23b0e93919a4dFFD9478328a9Cc7a383Dcb00
8038e7c8b64cfc004c7a512a9325f47f69867250df2247b8b13f354971a50210,0xe8518719d38513800D5e42d7f9F2075A48F898d2,0xa7d5107fD63d55ae56703b1BC0411ee20ce85d4a,1750501835,0.0,ETH,0.000657344005963,Ethereum,0xa7d5107fD63d55ae56703b1BC0411ee20ce85d4a
71e8033bfad08244915f99c2498305fbd2dcca2f7d514025a5f9beb5a32b6589,0x6Ffc5848c46319e7C6D48f56cA2152B213d4535F,0xBC0663ef63ADD180609944c58BA7D4851890cA45,1750501835,0.0,ETH,0.000386994730162945,Ethereum,0xBC0663ef63ADD180609944c58BA7D4851890cA45
8fe8596ee7308c6ba7ee952a1129edf1c4dc215b942fcd41a9b5ba60431494dc,0xA8D906c614C95a4B124C6Cee96b9A536CcBbeeB4,0x260D708a2645c783fdBcDb13CF22930fA743F23f,1750501835,0.0,ETH,6.4200776505588e-05,Ethereum,0x260D708a2645c783fdBcDb13CF22930fA743F23f
8b8d4474a60639fb74d23078786ebc44e0fccc65262384337c23f0d5053f9134,0xC830E01Fc2a6c7D83674FA9C5ea6a3BE51aBFd3d,0x0000000000000000000000000000000000000000,1750501835,0.0,ETH,4.654358025e-05,Ethereum,0x0000000000000000000000000000000000000000
a5fc901af35d87f7a887472def350baa01df234da2938a9f4bd1e4880a312ca8,0x2B9B9b4bbe2B00C1b8f10a2711d4b0F068ad1423,0x7a250d5630B4cF539739dF2C5dAcb4c659F2488D,1750501835,0.02063568869497488,ETH,0.000149836095,Ethereum,0x7a250d5630B4cF539739dF2C5dAcb4c659F2488D
c40d18a8b1434d77bca854f0bdc6b42433cf34b6c32251351ade7e1a8d716a9e,0xaeB87565aE25E1d6F79B960679D1b9bF8BE8eC23,0x7a250d5630B4cF539739dF2C5dAcb4c659F2488D,1750501835,0.03971057100196594,ETH,0.000149836095,Ethereum,0x7a250d5630B4cF539739dF2C5dAcb4c659F2488D
f73f340828a7f4a999f0f0bf223f8fa568e76970bf2c325c588ebe54d18e801b,0xFD52C00fDd6b07AA0BEeDd95a04246083c53127B,0xBcb4E4BCc41aB1494A3eb3456ed4Edb8dA5D46E4,1750501835,0.002048173029657545,ETH,8.0609942127366e-05,Ethereum,0xBcb4E4BCc41aB1494A3eb3456ed4Edb8dA5D46E4
0cb76cb8341a81eb51d7d59df3f25f35278990a5595668deba7d66a2b94f6e17,0x9Fd7Aa968df63d10df5B98aeD687d1c049E529DC,0x69460570c93f9DE5E2edbC3052bf10125f0Ca22d,1750501835,0.0009431081425775,ETH,0.000253103842638066,Ethereum,0x69460570c93f9DE5E2edbC3052bf10125f0Ca22d
a51b037473ec4ce9f7f09473011f7a8a8791bab59b7fbf2b3d780a0f0b565403,0xa585f8C776C0F29e2E5cd22707810f1Bf7A1Ed47,0xC02aaA39b223FE8D0A0e5C4F27eAD9083C756Cc2,1750501835,6.43209350647e-06,ETH,1.2796935303398e-05,Ethereum,0xC02aaA39b223FE8D0A0e5C4F27eAD9083C756Cc2
9fc8120efa8fc525afa2c9294795b26ca114f8cce7c35f27df950dea47080dc9,0x2F9D8aC8b556FfED487Dd890f0d4b04183128234,0x2F9D8aC8b556FfED487Dd890f0d4b04183128234,1750501835,0.0,ETH,6.3e-06,Ethereum,0x2F9D8aC8b556FfED487Dd890f0d4b04183128234
a6c079744a1292e2c2d096272b412e1e40bd8d17aad9fff008b518ae7bca0520,0x1634db95E7a2D4489201039Fbea34d33Abaa4F59,0x1634db95E7a2D4489201039Fbea34d33Abaa4F59,1750501835,0.0,ETH,6.3e-06,Ethereum,0x1634db95E7a2D4489201039Fbea34d33Abaa4F59
07ddae3c99ed04283e5098ed5e526e71a0d2c647880c69018c894003cd8d288e,0xE215a4939E224DDD745052688025d33009eBC815,0xE215a4939E224DDD745052688025d33009eBC815,1750501835,0.0,ETH,6.3e-06,Ethereum,0xE215a4939E224DDD745052688025d33009eBC815
a4392ba76f6bf5358bb2de4a8964588af30ec3d94c7535bd28dade6f3c07b380,0xA1Ee3eA4a5bAfdA1032FA79C877071a88bB4c235,0xA1Ee3eA4a5bAfdA1032FA79C877071a88bB4c235,1750501835,0.0,ETH,6.3e-06,Ethereum,0xA1Ee3eA4a5bAfdA1032FA79C877071a88bB4c235
88bae62ce250e3e4dd2bd018de53bf6b75688ead6fdcbe620f80a28ec673cc18,0x313eacff18c731f72a15FadeDD9A7AFD6d114003,0x313eacff18c731f72a15FadeDD9A7AFD6d114003,1750501835,0.0,ETH,6.3e-06,Ethereum,0x313eacff18c731f72a15FadeDD9A7AFD6d114003
2b7a4814a7908e3720da87ae2dbf6c9cf0afe0e3e5f114471bb2748c456c7267,0xE3643D416d9cFD95fB1dDb105D209F0935089f56,0xE3643D416d9cFD95fB1dDb105D209F0935089f56,1750501835,0.0,ETH,6.3e-06,Ethereum,0xE3643D416d9cFD95fB1dDb105D209F0935089f56
d150f53618ccbabc649dcb59fceafd274d9eda3fbd14913bf850b9eaa3c9c56e,0x9e36BFCF4949b051908BE5040682206b6E5F675a,0x9e36BFCF4949b051908BE5040682206b6E5F675a,1750501835,0.0,ETH,6.3e-06,Ethereum,0x9e36BFCF4949b051908BE5040682206b6E5F675a
a532bf99bfc5428f0ad823feccc5c4e3ff1dcb546d65829a0875de17accb3e77,0xa4c1c5BA7B11D8f12D1184C8083E1dEf7c2dab0b,0xa4c1c5BA7B11D8f12D1184C8083E1dEf7c2dab0b,1750501835,0.0,ETH,6.3e-06,Ethereum,0xa4c1c5BA7B11D8f12D1184C8083E1dEf7c2dab0b
ec27c9fdd609e9479da49b6b64888699576eea78945bf29f5f9d47641653cc07,0xBfA7dE69B741D65e7A3c272A15e15470C0F9691E,0xBfA7dE69B741D65e7A3c272A15e15470C0F9691E,1750501835,0.0,ETH,6.3e-06,Ethereum,0xBfA7dE69B741D65e7A3c272A15e15470C0F9691E
9e1701b8ffe4e2e4fe347be5c31b63fcd9d160a0e4f2c526b895a089d72869ec,0xb6122b212454BBBda646cBEefc11F25fB2A79BC7,0xD4416b13d2b3a9aBae7AcD5D6C2BbDBE25686401,1750501835,0.0,ETH,3.9720990673225e-05,Ethereum,0xD4416b13d2b3a9aBae7AcD5D6C2BbDBE25686401
3bc70cece0032f3b6472f09c3c677194e50dc6a1c5b557e96150a762ef15788d,0x7DbfeD5686847113b527DC215DBA4E332DF8cc6c,0x03E8482c2BbF8247361b1D6000f138d9f9CA9CD7,1750501835,9.9376814061573e-05,ETH,5.916941121e-06,Ethereum,0x03E8482c2BbF8247361b1D6000f138d9f9CA9CD7
a6424235e6bfe4b0995cca4762f63d3c3f5fabf5ccbec94343319a626af3a18d,0xf70da97812CB96acDF810712Aa562db8dfA3dbEF,0x9917a56C640FC41Fc832d2F3C1eDF349A6553100,1750501835,0.002361425094413418,ETH,1.34623933416e-05,Ethereum,0x9917a56C640FC41Fc832d2F3C1eDF349A6553100
cc4424213995f27cf6245946c77a8517b9852899571913001652f9b02c654e3f,0xf70da97812CB96acDF810712Aa562db8dfA3dbEF,0x02539c513271c15B5A39922B41e2c1Bb6fd827eA,1750501835,0.00014603303285944,ETH,1.34623933416e-05,Ethereum,0x02539c513271c15B5A39922B41e2c1Bb6fd827eA
c8160e041e40dc496866884dc6c238fa23aa3faa0eacaf293426de4df6dcd75a,0x86BA2b2A12909585840dC9596dD559320cA25F1c,0x1f9840a85d5aF5bf1D1762F925BDADdC4201F984,1750501835,0.0,ETH,2.9729149582144e-05,Ethereum,0x1f9840a85d5aF5bf1D1762F925BDADdC4201F984
f289f2ae6e6712384468af394ab3b7da393d062c1226d8bfc4afb3e76dcc48a4,0xb2B3c3E60fa2edF0AC7fd2D3228244f917B69B90,0x260D708a2645c783fdBcDb13CF22930fA743F23f,1750501835,0.0,ETH,6.5982893935203e-05,Ethereum,0x260D708a2645c783fdBcDb13CF22930fA743F23f
9249ab9cf0c7e9e88d03a58339b8c12d1d4426700a44303174696e5f2cc32d86,0xf0Cb7941ba69E30d34E065879D5782aE8cDF009E,0x260D708a2645c783fdBcDb13CF22930fA743F23f,1750501835,0.0,ETH,7.1526851927121e-05,Ethereum,0x260D708a2645c783fdBcDb13CF22930fA743F23f
89dec0af5c982b8ab4ce16e54887e79acff0dd15e22868ef0b8424d13744d602,0xA5c16aB9Dde5846B5B0653cf61035776BF35835e,0x260D708a2645c783fdBcDb13CF22930fA743F23f,1750501835,0.0,ETH,7.1531382199455e-05,Ethereum,0x260D708a2645c783fdBcDb13CF22930fA743F23f
a7ad519b4b7e49eec8c3cd29f285da24500a83f80b8b25861a37b793fde69bc1,0xc829eFe9e193C6B0768dE652A63E9F88Bd695966,0x260D708a2645c783fdBcDb13CF22930fA743F23f,1750501835,0.0,ETH,7.1531382199455e-05,Ethereum,0x260D708a2645c783fdBcDb13CF22930fA743F23f
17b5e38fbe8bb5b5ba6b8bd4ca4cbe16ceea19eb5a14b9f95a48246503054150,0x8FA894F49d30e676c90969F23012ecfA0C31C1a5,0x260D708a2645c783fdBcDb13CF22930fA743F23f,1750501835,0.0,ETH,7.8592874987907e-05,Ethereum,0x260D708a2645c783fdBcDb13CF22930fA743F23f
aa3846d0348c4b6ed219deb88f24ef80a9f6f8a0a814f4743b7c470521b0b88d,0xd1edDDc1406d4a856Fc89F2605Ea3eAdF95ef3A4,0x260D708a2645c783fdBcDb13CF22930fA743F23f,1750501835,0.0,ETH,7.2537905422269e-05,Ethereum,0x260D708a2645c783fdBcDb13CF22930fA743F23f
6af2db746b9e5bf636a04988eeeeda0c4100b2e6bcb78b6bb1b330a7eaf73bd0,0x9B3D47A5Db9d73db9F44B77973D53D081340615e,0x260D708a2645c783fdBcDb13CF22930fA743F23f,1750501835,0.0,ETH,7.254217087173e-05,Ethereum,0x260D708a2645c783fdBcDb13CF22930fA743F23f
56494f0fa972a3f0fca88c0da3796c2beefb7fc4e6af0f413ec5bdfe917521cc,0x04c52E748E33bF4756b9b01777fefaA563972d86,0x260D708a2645c783fdBcDb13CF22930fA743F23f,1750501835,0.0,ETH,7.3201809681042e-05,Ethereum,0x260D708a2645c783fdBcDb13CF22930fA743F23f
1cea2f4e3a6dc0cb9c2fd07c94860d1310f474336b021d7207d32775d5e9fcc1,0x9b4DF9c3608D474A139A7327b6354407bd7B275D,0x260D708a2645c783fdBcDb13CF22930fA743F23f,1750501835,0.0,ETH,7.3201809681042e-05,Ethereum,0x260D708a2645c783fdBcDb13CF22930fA743F23f
ea01ae850a58640ef7f5ef400685d1dd1482c567ff513223361023ce7dbc621e,0x9377299ea2a373345be76031508a9C3d5dDadd9F,0x260D708a2645c783fdBcDb13CF22930fA743F23f,1750501835,0.0,ETH,7.3201809681042e-05,Ethereum,0x260D708a2645c783fdBcDb13CF22930fA743F23f
3bcf7efffcefb61582320b1c67dfd726df498b7659b6229a99f37a262a46fac6,0x6C7E6159267148941f72658a30592BB9248242EF,0x260D708a2645c783fdBcDb13CF22930fA743F23f,1750501835,0.0,ETH,7.3201809681042e-05,Ethereum,0x260D708a2645c783fdBcDb13CF22930fA743F23f
b765bfadf2c4da002195fbb55cf984481cdb04a512039f71368c7f236ae67926,0xC1E3928273ab314F15FB784c428A7276FA5f5168,0x260D708a2645c783fdBcDb13CF22930fA743F23f,1750501835,0.0,ETH,7.3628712876936e-05,Ethereum,0x260D708a2645c783fdBcDb13CF22930fA743F23f
5ecb6da0fc1aa0f97e785974d55323adbf650a005a54e81488d9fd41adba712b,0x389Ebfdf3ab7483AF1D7D75dc17E41f0A04A2Afb,0x260D708a2645c783fdBcDb13CF22930fA743F23f,1750501835,0.0,ETH,7.3206446333286e-05,Ethereum,0x260D708a2645c783fdBcDb13CF22930fA743F23f
eafe24d7c1132459c3fd962c98f615bb7525cd21286a97b91529ac6849729c71,0x50C4Bb93392905507d541C01Fa16b7EeDFea0B89,0x260D708a2645c783fdBcDb13CF22930fA743F23f,1750501835,0.0,ETH,7.3206446333286e-05,Ethereum,0x260D708a2645c783fdBcDb13CF22930fA743F23f
3fa351d361330a7a9e79261a0ca6fb856ea1e882ca0ee66c5312780f2052acb6,0xae98B316Be7A665fD160b397419Cd17f190D0503,0x260D708a2645c783fdBcDb13CF22930fA743F23f,1750501835,0.0,ETH,7.3206446333286e-05,Ethereum,0x260D708a2645c783fdBcDb13CF22930fA743F23f
bd11c3178205dfbf4cf7bd2fc73817e71e8035611762028e7ae3e1695844ca37,0x3DbcA1F6FD501d02Af80365F9E1eF9976d70B5f1,0x260D708a2645c783fdBcDb13CF22930fA743F23f,1750501835,0.0,ETH,7.3206446333286e-05,Ethereum,0x260D708a2645c783fdBcDb13CF22930fA743F23f
2b0a136abdfc43174b3be2f4f04223efb421ae88229c0819360692307baf45c4,0x14dAa19963E92A582Bb8b6b260C86c964a9C8d1a,0x260D708a2645c783fdBcDb13CF22930fA743F23f,1750501835,0.0,ETH,7.321108298553e-05,Ethereum,0x260D708a2645c783fdBcDb13CF22930fA743F23f
bdd4fc0dff3e5b2ff83c3816ad8a200e9b319290fa9cdfdd7324ce6017ef36e0,0x39ab5f6f1269590225EdAF9ad4c5967B09243747,0xB907Dcc926b5991A149d04Cb7C0a4a25dC2D8f9a,1750501835,0.0,ETH,0.0001293392728,Ethereum,0xB907Dcc926b5991A149d04Cb7C0a4a25dC2D8f9a
a3f795da99f1e5f557e0389dba4aa01edb7a73ef37e1a61a2b77c4c238218ca3,0x8345831c593d06756643542Daba2bbae57c78dFa,0x260D708a2645c783fdBcDb13CF22930fA743F23f,1750501835,0.0,ETH,6.9735846184372e-05,Ethereum,0x260D708a2645c783fdBcDb13CF22930fA743F23f
43816656a7a16c431ebaf470de850cd01515d85f20d47e02d52221ff108f0b0a,0x0E380be8507591075e85D31a86ea47Ead5E2FB51,0x2cc8ED4dfDB479eB82Ed958e3DE230A0c7225eBa,1750501835,0.0,ETH,7.9259158663784e-05,Ethereum,0x2cc8ED4dfDB479eB82Ed958e3DE230A0c7225eBa
733680b8fd1f8c53e149cc3d8ed99d512b44f2b8950d1fb126c63d19b9a9824b,0xA65E5311Fd1E47f2948FE7673CAb4fE77E7fdbbC,0xfB5e2A5FC73948bD79BF5Fcf52AA4D2377403419,1750501835,3.2,ETH,0.000104900854817367,Ethereum,0xfB5e2A5FC73948bD79BF5Fcf52AA4D2377403419
6031f373760b8d5d6d0add4a42d09d60eb68c6accccb2bd4b5f228f2b548937e,0x041E95eFb3db5a3140bc53cbe3328d8392C05995,0x0000000000001fF3684f28c67538d4D072C22734,1750501835,0.008187359535612967,ETH,7.3692983079472e-05,Ethereum,0x0000000000001fF3684f28c67538d4D072C22734
c3ca0f9c2440e346b74064cc71a6d4479e82d1fa91f41feb5cf14d69b29724b3,0x40F5A9c4DA1f4F09a88C0257df68c5763B76B41b,0x0000000000001fF3684f28c67538d4D072C22734,1750501835,9.9887091258423e-05,ETH,7.6136404470545e-05,Ethereum,0x0000000000001fF3684f28c67538d4D072C22734
6ef95fb1721bc3960dc2c7a2b490533c9fdaf78ae0c91b6b49edcce0c82469e2,0xf047524C7620E34918ce9358DFa5384614C7213F,0x80141735b9FF455bB13e1c11093D89a3EF36B2F5,1750501835,0.0,ETH,3.8248974176163e-05,Ethereum,0x80141735b9FF455bB13e1c11093D89a3EF36B2F5
bcabeb1d06f584d8ed7ed24f1f1c820ca3460bb5055be23221c3f5add9c788b0,0x3D45872e7dBb8E2dE0270bf9193b0BBfEBF15BBf,0x5cE71E603B138F7e65029Cc1918C0566ed0dBD4B,1750501835,0.0,ETH,0.000336429971691719,Ethereum,0x5cE71E603B138F7e65029Cc1918C0566ed0dBD4B
3ff5fe98c93ba8133c914a6a7b47c9f8b42e7e2b25a6bb7c40ae5037748badb0,0x26D665572151d49d43f049D694cf6215b1A52084,0x26D665572151d49d43f049D694cf6215b1A52084,1750501835,0.0,ETH,6.3e-06,Ethereum,0x26D665572151d49d43f049D694cf6215b1A52084
3fcbedb3540c550cad90fd881f3af3d94c5da756831ab810eb9b289e8d527e37,0xC00e5210179cCc172423B209149A37EAf17C7a91,0xC00e5210179cCc172423B209149A37EAf17C7a91,1750501835,0.0,ETH,6.3e-06,Ethereum,0xC00e5210179cCc172423B209149A37EAf17C7a91
25ad698ffaca3e31c25b547e5d9b0a510064c8518c0d02d2611e5389e2b3882c,0x7DbfeD5686847113b527DC215DBA4E332DF8cc6c,0x03E8482c2BbF8247361b1D6000f138d9f9CA9CD7,1750501835,0.0002017849957491,ETH,5.916941121e-06,Ethereum,0x03E8482c2BbF8247361b1D6000f138d9f9CA9CD7
cfca97910e56e331145fb737f14c9ca7e7c7c6ff8350b9d021143dfebdeee373,0xC7899Ff6A3aC2FF59261bD960A8C880DF06E1041,0x9008D19f58AAbD9eD0D60971565AA8510560ab41,1750501835,0.0,ETH,0.000302826817044966,Ethereum,0x9008D19f58AAbD9eD0D60971565AA8510560ab41
4f09dbcbb21f735b9a24cb71e0c8dda15ea4b113a65362ffc9cbed3421c26acb,0xb60Afc036E86cB7FdFd5Db7268df3527e2113933,0x455210C2BebEf37A019BE598100fC289Bbb00ba2,1750501835,0.0,ETH,0.000323771657118446,Ethereum,0x455210C2BebEf37A019BE598100fC289Bbb00ba2
f926fbefe23972a6c27029b93ce52a406117d0170c0e6642f7fbb31ef1bd84e2,0x46340b20830761efd32832A74d7169B29FEB9758,0xA0b86991c6218b36c1d19D4a2e9Eb0cE3606eB48,1750501835,0.0,ETH,0.0007,Ethereum,0xA0b86991c6218b36c1d19D4a2e9Eb0cE3606eB48
5033fe75707985a271b1a053729d8bfe24ee2414e7771dd85fb8df09b4759a83,0x46340b20830761efd32832A74d7169B29FEB9758,0xdAC17F958D2ee523a2206206994597C13D831ec7,1750501835,0.0,ETH,0.0007,Ethereum,0xdAC17F958D2ee523a2206206994597C13D831ec7
cb05ec21aecfbe6431e7df1774fd4451a8ab6be849100a13108e63271a78fad1,0x46340b20830761efd32832A74d7169B29FEB9758,0xd0fad8B2763870D9A4aFcf8eb5C3841EB3582835,1750501835,0.047899,ETH,0.0007,Ethereum,0xd0fad8B2763870D9A4aFcf8eb5C3841EB3582835
3fd6ed76079d70734dd0f1612ef91ef0e53c2c2eb622ac92736a84aebcc2373a,0x46340b20830761efd32832A74d7169B29FEB9758,0xA0b86991c6218b36c1d19D4a2e9Eb0cE3606eB48,1750501835,0.0,ETH,0.0007,Ethereum,0xA0b86991c6218b36c1d19D4a2e9Eb0cE3606eB48
be0db090a7ae3e293c5cbf4d28440c1073ed5c2fa395b9ad3fc4fc78ff8f9ddd,0x46340b20830761efd32832A74d7169B29FEB9758,0x48EA73959E2EEc5e4857355761aE4AD3d514b341,1750501835,5.395,ETH,0.0007,Ethereum,0x48EA73959E2EEc5e4857355761aE4AD3d514b341
5eccf8efd074c889ff1212b6a9eafe4cdd46f9ab908409fbc65ed85ac377bf19,0x46340b20830761efd32832A74d7169B29FEB9758,0x2A32dCfF110855EF33aC692F698AddC6faDbfd07,1750501835,0.020848,ETH,0.0007,Ethereum,0x2A32dCfF110855EF33aC692F698AddC6faDbfd07
67065488e5f7a7a1c34fa964f72adb0be18e5113c79a85e3e417c62c3c819a94,0x46340b20830761efd32832A74d7169B29FEB9758,0xdAC17F958D2ee523a2206206994597C13D831ec7,1750501835,0.0,ETH,0.0007,Ethereum,0xdAC17F958D2ee523a2206206994597C13D831ec7
2cc1342c6823156213a07d8ab440d232fd17e63f4d1ef55531c0a709f0196267,0x5840E4A8024cFBE794C5f8097d2Bdec576F0CeDd,0xA0b86991c6218b36c1d19D4a2e9Eb0cE3606eB48,1750501835,0.0,ETH,0.00132034584375,Ethereum,0xA0b86991c6218b36c1d19D4a2e9Eb0cE3606eB48
32d45e58ddc4a2c132ec283cc552e8a26b9c63d3cab1bca383c667a1d90a6e5e,0xAe2D4617c862309A3d75A0fFB358c7a5009c673F,0xA0b86991c6218b36c1d19D4a2e9Eb0cE3606eB48,1750501835,0.0,ETH,0.0011408795505,Ethereum,0xA0b86991c6218b36c1d19D4a2e9Eb0cE3606eB48
d033bcc857e07f6fab5602c58e80dcd506a27c65bf8196a97245c9e481dd0229,0xAe2D4617c862309A3d75A0fFB358c7a5009c673F,0xA0b86991c6218b36c1d19D4a2e9Eb0cE3606eB48,1750501835,0.0,ETH,0.0011408795505,Ethereum,0xA0b86991c6218b36c1d19D4a2e9Eb0cE3606eB48
d1d530a165d7d6c571b168785b2915a8f75115452fd80c0f8207948eeb613a60,0x215258e825dCC5A29021Cc02DBA8ff9bfb1B2397,0xdAC17F958D2ee523a2206206994597C13D831ec7,1750501835,0.0,ETH,0.00027381109212,Ethereum,0xdAC17F958D2ee523a2206206994597C13D831ec7
a5e90fb6a4621f87a3f2701d42475403e86019bfdf4906d3aead66a063833add,0xd0424Dd249A7189Ba74ffF385e62C3cb15CC2C32,0xA0b86991c6218b36c1d19D4a2e9Eb0cE3606eB48,1750501835,0.0,ETH,0.00018254072808,Ethereum,0xA0b86991c6218b36c1d19D4a2e9Eb0cE3606eB48
33c270bce35ff4bfc7c0e8ab616e765a46d8c2f390b996590604506a4f08ea18,0x8aF3827a41c26C7F32C81E93bb66e837e0210D5c,0xfAbA6f8e4a5E8Ab82F62fe7C39859FA577269BE3,1750501835,0.0,ETH,0.0011408795505,Ethereum,0xfAbA6f8e4a5E8Ab82F62fe7C39859FA577269BE3
01b960aa7fb9ac67f6fd420f452630529aedc714056b9f7edf8bc553973cda57,0x5050F69a9786F081509234F1a7F4684b5E5b76C9,0xFf00000000000000000000000000000000008453,1750501835,0.0,ETH,0.000111336941121,Ethereum,0xFf00000000000000000000000000000000008453
69ce075095c4bddb061f81ae91a99096c64bd642e1dc419a6536bdeeeca9c82e,0x79ef57eaD3Bcc8dF0F113D5bc69596a3681968b6,0xd66e3cC75227A5A5419E2a9DE4C2F64B30c23EDf,1750501835,0.24587244268239022,ETH,0.000105,Ethereum,0xd66e3cC75227A5A5419E2a9DE4C2F64B30c23EDf
0f599520086353589af639156b5d8f8e78e714631227073b99b9f1a2a7358891,0x264bd8291fAE1D75DB2c5F573b07faA6715997B5,0x63Ba67c87874e0E82d10B9985DAb1B945B5dAd16,1750501835,0.02015447,ETH,0.0025,Ethereum,0x63Ba67c87874e0E82d10B9985DAb1B945B5dAd16
c0fc00a9f702c6c50ce3646ea3b10c291610ce28bfff2610dab177f4e691c6be,0x2E665DAa108051dBee25eb5a2762aB570368483D,0x103C45ffCf40F481a318480718501527929A89C3,1750501835,0.0,ETH,0.00012488067559773,Ethereum,0x103C45ffCf40F481a318480718501527929A89C3
bca6e15a893d19059ff7f57b2a05b3edb14696f38d9b0b24896d6be6004318d6,0xd9A322b6fCB1939b20d80C9a01Fe6aA74bDF9EA3,0x6088d94C5a40CEcd3ae2D4e0710cA687b91c61d0,1750501835,0.0,ETH,0.000209509875549798,Ethereum,0x6088d94C5a40CEcd3ae2D4e0710cA687b91c61d0
4894692cf3c06fcfd30ed1d3fee7c19ee5879ac304d102f624e4d68d9576595f,0x2b3bf74B29f59fb8dDA41Cf3d6A8DA28CF8e7921,0xA0b86991c6218b36c1d19D4a2e9Eb0cE3606eB48,1750501835,0.0,ETH,0.00025226386515,Ethereum,0xA0b86991c6218b36c1d19D4a2e9Eb0cE3606eB48
a86db78505756af17332b4bd0bd0a5f8460c565aa806a4d071536db46c6d9cd7,0x16B2b042f15564Bb8585259f535907F375Bdc415,0x6982508145454Ce325dDbE47a25d4ec3d2311933,1750501835,0.0,ETH,0.0011408795505,Ethereum,0x6982508145454Ce325dDbE47a25d4ec3d2311933
e709e7ca793b06730dcc42904044dbaeadf1b7d797a9d9ee5a72bd92eefdd5f6,0x7BDb61d76aB2237102a7203dA24816eF0A6408F6,0x193df5223784f80c09b8834AfA79eB164B0307F8,1750501835,0.06997054,ETH,4.7916941121e-05,Ethereum,0x193df5223784f80c09b8834AfA79eB164B0307F8
eed518bf6a8068e1c17f87cc4bec12bb429a3917592567d136609d27aaef0c87,0x7BDb61d76aB2237102a7203dA24816eF0A6408F6,0x193df5223784f80c09b8834AfA79eB164B0307F8,1750501835,0.04439468,ETH,4.7916941121e-05,Ethereum,0x193df5223784f80c09b8834AfA79eB164B0307F8
1b7037a76808b52f258613867cdbc96f1c8cffda2fc0fccaaf353800aadd22d3,0x3F3B25046182F251289D62F30f33d1Af2287C7d9,0xdAC17F958D2ee523a2206206994597C13D831ec7,1750501835,0.0,ETH,0.000105264392606433,Ethereum,0xdAC17F958D2ee523a2206206994597C13D831ec7
63bd16e3d78f8a483e703937827482a4876e0b2769aa6b202afbeb08d5e6e276,0x9c58BCB0084a50950E24d072FEf5200BAb279A64,0xbd02c51150a4Ab6Ce97B9de2025644594F3E75B8,1750501835,0.0,ETH,0.000175937194908552,Ethereum,0xbd02c51150a4Ab6Ce97B9de2025644594F3E75B8
42e7b948c253ed30c0985f2da0aa49616a7a66bcfd951b603c3f23ea24b6fce0,0xB8FF877ed78Ba520Ece21B1de7843A8a57cA47Cb,0x8FafAE7Dd957044088b3d0F67359C327c6200d18,1750501835,0.0,ETH,0.000219210563559372,Ethereum,0x8FafAE7Dd957044088b3d0F67359C327c6200d18
f7c61257294b5e4d8db5f79c119b0ccba257c51f683cd4a0e18fb25632a3eb99,0xB8FF877ed78Ba520Ece21B1de7843A8a57cA47Cb,0x589dEDbD617e0CBcB916A9223F4d1300c294236b,1750501835,0.0,ETH,0.00019975156872594,Ethereum,0x589dEDbD617e0CBcB916A9223F4d1300c294236b
b022c223c11415b10f47c8fa3fc6e0cda1b84749878ad477d5b97db367e0fb3c,0xB8FF877ed78Ba520Ece21B1de7843A8a57cA47Cb,0xa59BA433ac34D2927232918Ef5B2eaAfcF130BA5,1750501835,0.0,ETH,0.000197837064735156,Ethereum,0xa59BA433ac34D2927232918Ef5B2eaAfcF130BA5
706960993a9ad93dbbd02252a44eabb25597ec61375d77ef67cba678664d9594,0x32143A02Fb6484D18C79Fa0401c9bF760DD3DE68,0x05A7D723AEDaC18759141D19AC5A93cd624Bb289,1750501835,0.0064794,ETH,0.00011413795505,Ethereum,0x05A7D723AEDaC18759141D19AC5A93cd624Bb289
e8a4aeacb0767d01848071223179623f25e87952494ab9cb8a415d2ef349e570,0xaA40e365f6bA2e7DFF3378a842875584fb463414,0x3791dCe26aFBD1BDfcfdaA7a870573bA76DE0B18,1750501835,0.0029233666,ETH,4.7916941121e-05,Ethereum,0x3791dCe26aFBD1BDfcfdaA7a870573bA76DE0B18
a1eaec1b07ca0eefae19d18c5ef72b4dd6321f9da438c892b2014222a41fa401,0xA2556BbF68175ac624DEC6b64349A3e90bf8E979,0x2982bB64bcd07Ac3315C32Cb2BB7e5E8a2De7d67,1750501835,0.1086672326030644,ETH,4.7916941121e-05,Ethereum,0x2982bB64bcd07Ac3315C32Cb2BB7e5E8a2De7d67
35dac0bf84834949b8212a6fffd101100a60dfd64c0cd2b7b372c0e000105ec9,0xF790285DF1426e14A4F1444Bb46a6Ea0a90e1D47,0x81C83ABB7284a3b3814da2C1C2cC9e019C17155e,1750501835,0.014158377783676873,ETH,4.7916941121e-05,Ethereum,0x81C83ABB7284a3b3814da2C1C2cC9e019C17155e
4621a98926cdaa8b72fb381f620cbada7ca4d614b93d0ffed97f27b2a18ec855,0x24709Aa442267585A1fD787d03BD5C959c32FE6a,0xdDdbca10Fb74f28647ee5e8897B95f86dC8cBAc3,1750501835,0.29,ETH,4.7916941121e-05,Ethereum,0xdDdbca10Fb74f28647ee5e8897B95f86dC8cBAc3
9cb8178a47500a78394ffd96ade0d7e47620b74c37de98f6fcef55577e6aa820,0xA556Fb07f4F6048B086c8a13001421fF71cD8c87,0xdAC17F958D2ee523a2206206994597C13D831ec7,1750501835,0.0,ETH,3.199450817928e-05,Ethereum,0xdAC17F958D2ee523a2206206994597C13D831ec7
0fbebd98dbff4637b79cf5e576350852fafdfb64efe9e77ed2ac84d7af49243b,0xA556Fb07f4F6048B086c8a13001421fF71cD8c87,0x026eFa10261B8e057D6caEb74e6fbf25b2C211B7,1750501835,0.00196831610994379,ETH,1.121190588e-05,Ethereum,0x026eFa10261B8e057D6caEb74e6fbf25b2C211B7
e545c37502a2a31345904c751b8f48fc1b2f82a67a45cb0cadf50f23cc9e8110,0xA556Fb07f4F6048B086c8a13001421fF71cD8c87,0x95aD61b0a150d79219dCF64E1E6Cc01f0B64C4cE,1750501835,0.0,ETH,2.414136896076e-05,Ethereum,0x95aD61b0a150d79219dCF64E1E6Cc01f0B64C4cE
83cc00f11e2393895f328693de10f6008055aa6d83566173f4481e8aff0eb4e8,0xA556Fb07f4F6048B086c8a13001421fF71cD8c87,0x6982508145454Ce325dDbE47a25d4ec3d2311933,1750501835,0.0,ETH,3.00959587836e-05,Ethereum,0x6982508145454Ce325dDbE47a25d4ec3d2311933
fc40dd4d6eb4b22ccbf105c5bb3bc66a78f467bc768e64f66a097d8793965ffc,0x4aAbB9a0F04c88FDFc36ce2A31D55e6EfE39afBD,0xdAC17F958D2ee523a2206206994597C13D831ec7,1750501835,0.0,ETH,8.499999996e-05,Ethereum,0xdAC17F958D2ee523a2206206994597C13D831ec7
f0b450d790e4d6febc98323c5774a1e9d4654c3e758d90abcdd7d9827b0be8a4,0x41F2F55571f9e8e3Ba511Adc48879Bd67626A2b6,0x9F9D2fC7abe74C79f86F0D1212107692430eef72,1750501835,0.0,ETH,8.8085764749616e-05,Ethereum,0x9F9D2fC7abe74C79f86F0D1212107692430eef72
f105fdcaa1acbd9b17980efb798e844d3d04b4bf02c892d0bba2d6be42d04d3f,0x7AAC29307A7565637E0D752A823a6D1E28B1A3ec,0x8d50E8e087Bdb834C8F684CFDaF54f6A25CbcD57,1750501835,0.0,ETH,6.1959148691706e-05,Ethereum,0x8d50E8e087Bdb834C8F684CFDaF54f6A25CbcD57
76b0fc807ee5b690c5cfcaadcdd1c644719fbbf10a1c1a59654b3bd1d969c79d,0xFdbBfB0Fe2986672af97Eca0e797D76A0bbF35c9,0x093E02dEC0b5A40c03D84eCdA6058AD91436923f,1750501835,0.0,ETH,0.000181927401733572,Ethereum,0x093E02dEC0b5A40c03D84eCdA6058AD91436923f
4b536077b3c822c531dbcde819f6e6f76a6ff1286719eeb5fafda41700147992,0x067Be7D9C6c04E58145A3161c53459E18eD5ecAa,0x2b591e99afE9f32eAA6214f7B7629768c40Eeb39,1750501835,0.0,ETH,3.5622066726792e-05,Ethereum,0x2b591e99afE9f32eAA6214f7B7629768c40Eeb39
c5bedd016184f62f0938a17a1661bffb37b50754208e9aa421032e88afa2461f,0xE73CC29680382752c379Bf04F5632c64a2F66498,0x6811096Db52115c966A69Fee684F628373471cBc,1750501835,0.00014112196782212,ETH,4.7413353036e-05,Ethereum,0x6811096Db52115c966A69Fee684F628373471cBc
8ec163adf4c5a89cf19c908f44ceec7088bdc02b9cca3134bff43438d090772e,0x8F5f7bBA8252753Cc13f3FA5e17B4B50e9085770,0x1231DEB6f5749EF6cE6943a275A1D3E7486F4EaE,1750501835,0.03479497377939726,ETH,8.6413709739833e-05,Ethereum,0x1231DEB6f5749EF6cE6943a275A1D3E7486F4EaE
bce6b97dfee3b4faef9b1b3016d86c533efdd5dda559168170d71f175e699f05,0x79e07F074C82C24484eA90825269B835f3cC867d,0x43Ba1B8A4659Ac35e3aC4BAD51A2367b713063B4,1750501835,0.0,ETH,0.002334072808,Ethereum,0x43Ba1B8A4659Ac35e3aC4BAD51A2367b713063B4
e0e59c2f8ff914455308cdaffcf94937ee67e848204f8bc21929f9c72ad946b7,0x3a26b9728352f60F5D046E1FCe0d16085B53F4eB,0xa5F565650890fBA1824Ee0F21EbBbF660a179934,1750501835,0.00935848849276315,ETH,2.347133687459e-05,Ethereum,0xa5F565650890fBA1824Ee0F21EbBbF660a179934
eed6160504ded527f1b4a228a241e25112a935c3845e0a724cd7a2b80e626491,0x4ce0AeBFc6704F48da2288d7BB0Bd0042e702942,0xA0b86991c6218b36c1d19D4a2e9Eb0cE3606eB48,1750501835,0.0,ETH,3.0106286223062e-05,Ethereum,0xA0b86991c6218b36c1d19D4a2e9Eb0cE3606eB48
4b31daed54c272bddb7f29ad3fb03382ecb73ca5755669c82e8c929b4e1b1591,0x2Db1D8CdF1Abe8C70b531a790CDf2FF38aecF652,0xA0b86991c6218b36c1d19D4a2e9Eb0cE3606eB48,1750501835,0.0,ETH,3.1899764484e-05,Ethereum,0xA0b86991c6218b36c1d19D4a2e9Eb0cE3606eB48
b0848481db7d92470e491174a296b64175eefd1bb8493a4fbe91bb43f19bbce6,0x48BD8C8af21f8C8Be778Af904148CBc8fEdfeB7a,0x8d0D000Ee44948FC98c9B98A4FA4921476f08B0d,1750501835,0.0,ETH,3.81759111e-05,Ethereum,0x8d0D000Ee44948FC98c9B98A4FA4921476f08B0d
e94fb8704757519e744232f695a69aa8f683ba0dfa657593351e5e1ce9600b25,0x675bD0192C2DE6420662Bd8a1B4f6fF37D0b229c,0x7a250d5630B4cF539739dF2C5dAcb4c659F2488D,1750501835,0.0,ETH,7.2048844646898e-05,Ethereum,0x7a250d5630B4cF539739dF2C5dAcb4c659F2488D
8d26d768ca1218961fbe9a994563ab17dcff7f37fce09f16cbb9c6d1b4222484,0x05a126C87d024Cd7D3C0DF34885cf295F3FE741d,0x7a250d5630B4cF539739dF2C5dAcb4c659F2488D,1750501835,0.0,ETH,7.2048844646898e-05,Ethereum,0x7a250d5630B4cF539739dF2C5dAcb4c659F2488D
41c601d0653a361bd34e7424ac8f0a0474c424976a0ee37af9412ce71c66ea21,0xd22622fecEF55008A9540c45aE073161542ee34f,0x7a250d5630B4cF539739dF2C5dAcb4c659F2488D,1750501835,0.0,ETH,7.2048844646898e-05,Ethereum,0x7a250d5630B4cF539739dF2C5dAcb4c659F2488D
648ead0c010f0a215169ab3bace359fa8a76d8ee0941f3819eaedddc2a8e96e9,0x0303E4Fe3d5a3d4F225E7690F038786648657b2B,0x8eD97a637A790Be1feff5e888d43629dc05408F6,1750501835,0.0,ETH,3.81759111e-05,Ethereum,0x8eD97a637A790Be1feff5e888d43629dc05408F6
45d2a2a2609242e2bd245f0f3b1a860c7d371d5b21f48a56098dc3452ac7d430,0x4b2e0daB0a6559B41208D31618D3196241188665,0xDDB3422497E61e13543BeA06989C0789117555c5,1750501835,0.0,ETH,3.81759111e-05,Ethereum,0xDDB3422497E61e13543BeA06989C0789117555c5
8d7a98496e4cfeebbd1224cfb1d5a55af6d9dc00ff8329c7b1baacda35e612f7,0xAe67547202636C103a18e2516AB3B63e0c262Cd0,0xC02aaA39b223FE8D0A0e5C4F27eAD9083C756Cc2,1750501835,0.0,ETH,1.6662380597887e-05,Ethereum,0xC02aaA39b223FE8D0A0e5C4F27eAD9083C756Cc2
0e5075f6c5d120809680c06920199fc699f0ac90f290ae41d42666f6dda25320,0x27210e0c7F74c0Adf4e2AaA237bAe2213B22d395,0x688f4a89D0f275F719D43755B08F020b2025AaD2,1750501835,0.00075,ETH,7.785941121e-06,Ethereum,0x688f4a89D0f275F719D43755B08F020b2025AaD2
97d87c5229a6fe655423cda7e2c618cb90d8bfdfd63c302d774edabf33cfae74,0xA26148AE51fa8E787DF319C04137602Cc018b521,0xC94eBB328aC25b95DB0E0AA968371885Fa516215,1750501835,2.57476191094615,ETH,7.386313599e-06,Ethereum,0xC94eBB328aC25b95DB0E0AA968371885Fa516215
7a99f0f863de4ce1de1c2bd03b3c481f363a97fe271d99ac8ca4a6ad6b8e4eb5,0x9b00ca19246493FC924FE742Cf91BC5182a99646,0xdAC17F958D2ee523a2206206994597C13D831ec7,1750501835,0.0,ETH,2.809508871924e-05,Ethereum,0xdAC17F958D2ee523a2206206994597C13D831ec7
857f5f50f09b73e1b8d064464f945bdce501f561d7a0326914632aac90e3bff3,0xF7d1492b3a56666e68D2305FbC3950fDa3bA8fE1,0xdAC17F958D2ee523a2206206994597C13D831ec7,1750501835,0.0,ETH,2.8087831350504e-05,Ethereum,0xdAC17F958D2ee523a2206206994597C13D831ec7
27cd9e1b4c244c96a6c4615e84ceacd1f5742ba8c6ceb37c22e96bd1b69fbb31,0x935f64B44B5C48A1539C4AdA5161D27ace4205b5,0xdAC17F958D2ee523a2206206994597C13D831ec7,1750501835,0.0,ETH,2.4507764484e-05,Ethereum,0xdAC17F958D2ee523a2206206994597C13D831ec7
2f31f0e8c88ed0768ae8c0f55c9cacfedc14330a859a2f0b7d1b5c9abaef5920,0xb430c04f6B8a1B87B1ce32352762c8C6d1350e7C,0x3a09C40f8f7B93c8C7e09A5422e56DFe7c7d2794,1750501835,0.040981927814458,ETH,6.29311599e-06,Ethereum,0x3a09C40f8f7B93c8C7e09A5422e56DFe7c7d2794
743ad0851e06f5e18f74141878470d9c6c2fff40ec94e0701d94826c713a72cb,0xCfC0F98f30742B6d880f90155d4EbB885e55aB33,0x16aB57544159667126e586FDb9eadD4f091308C8,1750501835,0.0048829404060249,ETH,6.126941121e-06,Ethereum,0x16aB57544159667126e586FDb9eadD4f091308C8
535731df4c431d88a76f1f5b00b476e4b7e76ca8ce8d6337a150dc45a9fe897d,0x35DDc59785a371d334C5898d310F4c19f15DeF46,0x1baE874af9f81B8F93315b27F080260Da4702D3a,1750501835,1.154631722385748,ETH,6.008828763e-06,Ethereum,0x1baE874af9f81B8F93315b27F080260Da4702D3a
5515778baaeffbf0f8b6e1eefe5a11f7a0cab163e3015fedcfc555bdad52e120,0x684c87e88B988910D41610912DFCc61656f9ed3B,0x9f351af1bAac4492609d0A788b0a7c4263075CaB,1750501835,0.0,ETH,0.0035816710608,Ethereum,0x9f351af1bAac4492609d0A788b0a7c4263075CaB
c4024a7e50eb41cafd8c0bfb70053b4e1affc0961e2dcc7dc3a25124abea55a9,0x017E019D6344B47854635Ee87f728831260c87b5,0xE6f3494E839F3D3Fb36c407eB35cd85D90Dc3704,1750501835,0.0,ETH,3.3773203059123e-05,Ethereum,0xE6f3494E839F3D3Fb36c407eB35cd85D90Dc3704
5648713c58a324d6322bc2d9f7e2319e4f05c78d08e60d047b80429a4fa06a1d,0xaFc4fDa89f5e812c2011D99d90353BEC92E8C370,0x5Fa3307355bc85bdfC34B6664bD852A10317ff64,1750501835,0.0,ETH,0.00028956948383412,Ethereum,0x5Fa3307355bc85bdfC34B6664bD852A10317ff64
c295442e687a3ddb3eddcd01bb722050e071ce72083cdb06fabaeb3f8ee2a860,0x793D2AB94DF3C3a256493255DA0CDC706F6F3885,0x7a250d5630B4cF539739dF2C5dAcb4c659F2488D,1750501835,0.0019,ETH,0.0001408795555,Ethereum,0x7a250d5630B4cF539739dF2C5dAcb4c659F2488D
8c7dd26aa2ed008d3863f833e57eebdeda5e6a9f1543182e9bc09f5bcfd477f6,0x8863786beBE8eB9659DF00b49f8f1eeEc7e2C8c1,0x38C22D4a1e124B5B864f87fB847D35b312D6D3e5,1750501835,0.0,ETH,4.3672662205e-05,Ethereum,0x38C22D4a1e124B5B864f87fB847D35b312D6D3e5
96e53cbff4a9a715f26078233905afdcea266a4774b33e4ccad9780efa269bf8,0x852dc1c875F0117EA0808610010893E4C576B6A9,0xdAC17F958D2ee523a2206206994597C13D831ec7,1750501835,0.0,ETH,2.3667765324e-05,Ethereum,0xdAC17F958D2ee523a2206206994597C13D831ec7
998de05c46c83239038f090002605b398d282c091c3e8a2c61924f97adb1b290,0x8D02BaB992e2823ECF7256ebbeBA65119Ea7F390,0x3aaDA3e213aBf8529606924d8D1c55CbDc70Bf74,1750501835,0.0,ETH,1.6624632826333e-05,Ethereum,0x3aaDA3e213aBf8529606924d8D1c55CbDc70Bf74
18a38b98debfb19187b09f6c2d75fb10016b9b879022f03918179988a5f42839,0x623777Cc098C6058a46cF7530f45150ff6a8459D,0xE626662DEcE391e5882Ed3a365Bc9cc0ddf42849,1750501835,0.000208000000001002,ETH,5.916941331e-06,Ethereum,0xE626662DEcE391e5882Ed3a365Bc9cc0ddf42849
3ce5465e9553055b62377429fc7ba66220a48d81ddd841cffbb4eed35bd1c619,0x46E3482Be20a9886e8AB4Fa412dDe95399bB8d72,0x4945cE2d1B5BD904CAc839b7FDAbAfd19Cab982b,1750501835,0.01696587848635,ETH,5.916941331e-06,Ethereum,0x4945cE2d1B5BD904CAc839b7FDAbAfd19Cab982b
55a2572efe3dcc00b8a20c20e392d35650f504c64cf1e49ea27e2bd59e8e7b69,0x21ee7bb325717Ff0BbC23af54f96e359bc8a1Ea5,0x668ac0D51D345F6732288E8Fd6627ABf9521Be97,1750501835,4.095,ETH,7.1003295972e-06,Ethereum,0x668ac0D51D345F6732288E8Fd6627ABf9521Be97
f0b9d3be31183e83c1308bf7d9daf47e7598aa6834e5715a73560d00a0ea89c7,0x089d6Ea406913c4D152b42edDf9A7Fe943242801,0x307576Dd4F73f91BB8c4A2EdB762938E8e067d31,1750501835,0.054020878828726,ETH,5.916941268e-06,Ethereum,0x307576Dd4F73f91BB8c4A2EdB762938E8e067d31
e46a3dd3cadd190238a7c4b21bda7d15abdca82010fb4160c849c8a81f939ea3,0xddD9A090932759314A9Dadc648D46fb5cCb76207,0x307576Dd4F73f91BB8c4A2EdB762938E8e067d31,1750501835,0.007703618367557,ETH,5.916941268e-06,Ethereum,0x307576Dd4F73f91BB8c4A2EdB762938E8e067d31
d0566305de2b2de15d658175ef1ac362ef860292b769f39ee71df0a2220e3f0b,0x7DbfeD5686847113b527DC215DBA4E332DF8cc6c,0x2bf916f8169Ed2a77324d3E168284FC252aE4087,1750501835,0.011372929789333894,ETH,7.700194471229e-06,Ethereum,0x2bf916f8169Ed2a77324d3E168284FC252aE4087
4XhU4Z4VngNYon95eKjamHh8wutHLGP658sXCySK3PpTTVHCHC3r2vBArW1PFVDY1CRtaBLjHfftbF39K2K5FdF,CHikKUoYJDqFK5mPPtQ4ip63n4DZbsz9gMEGJ6a3t3o,cHikkH5cdo1B8oGRUpe7M3d3QUuEMrWpvDwoXgkMKtY,1750501832,133995232516.0,SOL,5000.0,Solana,
